<?xml version="1.0" encoding="utf-8" ?>
<Page xmlns="http://schemas.nativescript.org/tns.xsd" navigatingTo="onNavigatingTo" class="page">
  <ActionBar title="WhatsApp DualPic" class="action-bar" />
  
  <StackLayout>
    <Label text="Scan QR Code" class="header" />
    <Label text="Position the QR code from the extension within the frame" class="message" textWrap="true" />
    
    <Button text="Start Scanning" tap="{{ scanQRCode }}" class="btn" />
    
    <ActivityIndicator busy="{{ isLoading }}" />
    
    <Label text="{{ statusMessage }}" class="message" textWrap="true" />
  </StackLayout>
</Page>